text,label
DOCTYPE,ENTITY
PUBLIC,ENTITY
"Owner=""NLM""><PMID",ENTITY
"PubModel=""Print-Electronic""><Journal><ISSN",ENTITY
"CitedMedium=""Print""><PubDate><Year>2026</Year><Month",ENTITY
NPJ,ENTITY
breast cancer</Title><ISOAbbreviation,ENTITY
NPJ,ENTITY
Breast Cancer</ISOAbbreviation></Journal><ArticleTitle,ENTITY
Functional assays,ENTITY
BRCA1,ENTITY
BRCA2,ENTITY
variant,ENTITY
analysis,ENTITY
tools,ENTITY
"EIdType=""doi",ENTITY
"ValidYN=""Y"">10.1038/s41523",ENTITY
Genetic variants,ENTITY
BRCA1,ENTITY
BRCA2,ENTITY
function,ENTITY
hereditary breast,ENTITY
ovarian cancers,ENTITY
BRCA1,ENTITY
BRCA2,ENTITY
homologous recombination-mediated DNA repair,ENTITY
interpretation,ENTITY
variants,ENTITY
uncertain,ENTITY
significance,ENTITY
assays,ENTITY
BRCA1,ENTITY
BRCA2,ENTITY
variants,ENTITY
strengths,ENTITY
limitations,ENTITY
approach,ENTITY
variant,ENTITY
classification,ENTITY
clinical,ENTITY
"CompleteYN=""Y""><Author",ENTITY
Muthiah</ForeName><Initials,ENTITY
Rigshospitalet,ENTITY
Copenhagen University Hospital,ENTITY
Copenhagen,ENTITY
Elangoli Ebrahimkutty</ForeName><Initials,ENTITY
EE</Initials><AffiliationInfo><Affiliation,ENTITY
Biotech Research,ENTITY
Innovation Center,ENTITY
BRIC,ENTITY
Faculty of Health,ENTITY
University of Copenhagen,ENTITY
Copenhagen,ENTITY
Maria</ForeName><Initials,ENTITY
Rigshospitalet,ENTITY
Copenhagen University Hospital,ENTITY
Copenhagen,ENTITY
Denmark,ENTITY
Department,ENTITY
Faculty of Health,ENTITY
University of Copenhagen,ENTITY
Copenhagen,ENTITY
Denmark,ENTITY
Claus,ENTITY
CS</Initials><AffiliationInfo><Affiliation,ENTITY
Biotech,ENTITY
Research,ENTITY
Innovation Center,ENTITY
BRIC,ENTITY
Faculty of Health,ENTITY
University of Copenhagen,ENTITY
Copenhagen,ENTITY
Denmark,ENTITY
claus.storgaard@bric.ku.dk.</Affiliation></AffiliationInfo></Author></AuthorList><Language,ENTITY
Review</PublicationType></PublicationTypeList><ArticleDate,ENTITY
"DateType=""Electronic""><Year>2026</Year><Month>04</Month><Day>15</Day></ArticleDate></Article><MedlineJournalInfo><Country",ENTITY
United States</Country><MedlineTA>,ENTITY
NPJ,ENTITY
Breast Cancer</MedlineTA><NlmUniqueID>101674891</NlmUniqueID><ISSNLinking>2374-4677</ISSNLinking></MedlineJournalInfo><CoiStatement>,ENTITY
interests,ENTITY
EP20211801,ENTITY
CRISPR-Select,ENTITY
University of Copenhagen,ENTITY
inventors,ENTITY
C.S.S.,ENTITY
December,ENTITY
C.S.S.,ENTITY
BioPhenyx,ENTITY
biotechnology company,ENTITY
CRISPR-Select assays,ENTITY
authors,ENTITY
"interests.</CoiStatement></MedlineCitation><PubmedData><History><PubMedPubDate PubStatus=""medline""><Year>2026</Year><Month>4</Month><Day>16</Day><Hour>13</Hour><Minute>9</Minute></PubMedPubDate><PubMedPubDate",ENTITY
"PubStatus=""pubmed""><Year>2026</Year><Month>4</Month><Day>16</Day><Hour>13</Hour><Minute>9</Minute></PubMedPubDate><PubMedPubDate",ENTITY
aheadofprint</PublicationStatus><ArticleIdList><ArticleId,ENTITY
"IdType=""pubmed"">41986381</ArticleId><ArticleId",ENTITY
"IdType=""doi"">10.1038/s41523",ENTITY
"IdType=""pii"">10.1038/s41523",ENTITY
Antoniou,ENTITY
Average,ENTITY
risks,ENTITY
breast,ENTITY
ovarian cancer,ENTITY
associated with,ENTITY
BRCA1,ENTITY
BRCA2,ENTITY
mutations,ENTITY
detected,ENTITY
case series,ENTITY
family history,ENTITY
combined analysis,ENTITY
studies,ENTITY
Genet,ENTITY
(2003).</Citation></Reference><Reference><Citation,ENTITY
Parmigiani,ENTITY
G. Meta-analysis,ENTITY
BRCA1,ENTITY
BRCA2,ENTITY
penetrance,ENTITY
Oncol,ENTITY
Parmigiani,ENTITY
G. &amp,ENTITY
S. Breast cancer,ENTITY
risk,ENTITY
male,ENTITY
BRCA1,ENTITY
BRCA2,ENTITY
mutation,ENTITY
carriers,ENTITY
(2007).</Citation></Reference><Reference><Citation,ENTITY
Germline BRCA,ENTITY
mutations,ENTITY
clinicopathologic,ENTITY
prostate cancer,ENTITY
Petrucelli,ENTITY
Daly,ENTITY
M. B. &amp,ENTITY
Feldman,ENTITY
G. L.,ENTITY
Hereditary breast,ENTITY
ovarian cancer,ENTITY
mutations,ENTITY
BRCA1,ENTITY
BRCA2,ENTITY
Genet,ENTITY
Kuchenbaecker,ENTITY
Risks,ENTITY
breast,ENTITY
ovarian,ENTITY
contralateral breast cancer,ENTITY
BRCA1,ENTITY
BRCA2,ENTITY
mutation,ENTITY
carriers,ENTITY
JAMA,ENTITY
Yadav,ENTITY
S.,ENTITY
Zakalik,ENTITY
D. Male,ENTITY
BRCA,ENTITY
mutation,ENTITY
carriers,ENTITY
clinical characteristics,ENTITY
cancer spectrum,ENTITY
BMC Cancer,ENTITY
(2018).</Citation></Reference><Reference><Citation,ENTITY
Li,ENTITY
Cancer,ENTITY
risks,ENTITY
associated with,ENTITY
BRCA1,ENTITY
BRCA2,ENTITY
pathogenic,ENTITY
variants,ENTITY
Oncol,ENTITY
Standards,ENTITY
guidelines,ENTITY
interpretation,ENTITY
sequence,ENTITY
variants,ENTITY
joint,ENTITY
consensus,ENTITY
American College of Medical Genetics,ENTITY
Genomics,ENTITY
Association,ENTITY
Molecular Pathology,ENTITY
Genet,ENTITY
(2015).</Citation></Reference><Reference><Citation,ENTITY
Rehm,ENTITY
ClinGen&#x2014;the,ENTITY
(2015).</Citation></Reference><Reference><Citation,ENTITY
Rivera-Mu&#xf1;oz,ENTITY
E. A. et al.,ENTITY
ClinGen Variant Curation Expert,ENTITY
Panel experiences,ENTITY
standardized processes,ENTITY
disease,ENTITY
specification,ENTITY
ACMG/AMP guidelines,ENTITY
sequence variant,ENTITY
interpretation,ENTITY
Mutat,ENTITY
M. T. et al.,ENTITY
Evidence-based recommendations,ENTITY
gene-specific ACMG/AMP variant,ENTITY
classification,ENTITY
ClinGen ENIGMA BRCA1,ENTITY
BRCA2,ENTITY
Variant,ENTITY
Genet,ENTITY
Harrison,ENTITY
Biesecker,ENTITY
Rehm,ENTITY
H. L. Overview,ENTITY
specifications,ENTITY
ACMG/AMP,ENTITY
interpretation guidelines,ENTITY
Genet,ENTITY
e93 (2019).</Citation></Reference><Reference><Citation>Huang,ENTITY
Functional evaluation,ENTITY
clinical,ENTITY
classification,ENTITY
BRCA2,ENTITY
variants,ENTITY
Precision,ENTITY
screening,ENTITY
clinical,ENTITY
classification,ENTITY
BRCA2-PALB2,ENTITY
variants,ENTITY
benign,ENTITY
pathogenic,ENTITY
https://doi.org/10.1172/jci181879 (2025).</Citation></Reference><Reference><Citation,ENTITY
Gudmundsson,ENTITY
Variant,ENTITY
interpretation,ENTITY
population databases,ENTITY
lessons,ENTITY
gnomAD,ENTITY
Mutat,ENTITY
(2022).</Citation></Reference><Reference><Citation,ENTITY
Pejaver,ENTITY
Calibration,ENTITY
computational tools,ENTITY
missense variant,ENTITY
pathogenicity,ENTITY
classification,ENTITY
ClinGen,ENTITY
recommendations,ENTITY
PP3/BP4 criteria,ENTITY
Genet,ENTITY
Allen,ENTITY
Workshop report,ENTITY
clinical,ENTITY
data,ENTITY
multiplex assays,ENTITY
variant effect,ENTITY
MAVEs,ENTITY
Genet,ENTITY
(2024).</Citation></Reference><Reference><Citation,ENTITY
Prakash,ENTITY
R.,ENTITY
Zhang,ENTITY
Feng,ENTITY
Jasin,ENTITY
M. Homologous recombination,ENTITY
human,ENTITY
health,ENTITY
BRCA1,ENTITY
BRCA2,ENTITY
associated proteins,ENTITY
Cold Spring,ENTITY
Harb,ENTITY
a016600 (2015).</Citation></Reference><Reference><Citation,ENTITY
Kachnic,ENTITY
BRCA1,ENTITY
BRCA2,ENTITY
homologous recombination,ENTITY
DNA replication fidelity,ENTITY
cellular response,ENTITY
ionizing radiation,ENTITY
Oncogene,ENTITY
(2003).</Citation></Reference><Reference><Citation,ENTITY
"M. E.,",ENTITY
Chiu,ENTITY
Jasin,ENTITY
M. Brca1 controls,ENTITY
homology-directed DNA repair,ENTITY
Cell 4,ENTITY
(1999).</Citation></Reference><Reference><Citation,ENTITY
M. E.,ENTITY
Jasin,ENTITY
M. BRCA2,ENTITY
homology-directed repair,ENTITY
chromosomal breaks,ENTITY
Cell 7,ENTITY
263&#x2013;272 (2001).</Citation></Reference><Reference><Citation>Xu,ENTITY
Z.,ENTITY
Xie,ENTITY
Huang,ENTITY
Huang,ENTITY
BRCA1,ENTITY
BRCA2,ENTITY
DNA damage,ENTITY
replication stress response,ENTITY
functions,ENTITY
mechanisms,ENTITY
cancer treatment,ENTITY
DNA Repair,ENTITY
(2025).</Citation></Reference><Reference><Citation,ENTITY
Daza-Martin,ENTITY
Isomerization,ENTITY
BRCA1-BARD1,ENTITY
promotes,ENTITY
replication,ENTITY
fork protection,ENTITY
Nature,ENTITY
Citation,ENTITY
Jasin,ENTITY
M. A,ENTITY
replication,ENTITY
Fanconi anemia,ENTITY
tumor suppressors,ENTITY
RAD51-BRCA1/2,ENTITY
Cancer Cell,ENTITY
(2012).</Citation></Reference><Reference><Citation,ENTITY
Double-strand break repair-independent role,ENTITY
BRCA2,ENTITY
blocking,ENTITY
fork degradation,ENTITY
MRE11,ENTITY
Cell 145,ENTITY
529&#x2013;542 (2011).</Citation></Reference><Reference><Citation>Yoshida,ENTITY
BRCA1,ENTITY
BRCA2,ENTITY
regulators,ENTITY
DNA repair,ENTITY
transcription,ENTITY
cell cycle,ENTITY
DNA damage,ENTITY
(2004).</Citation></Reference><Reference><Citation,ENTITY
BRCA1,ENTITY
RNA polymerase II holoenzyme,ENTITY
USA,ENTITY
(1997).</Citation></Reference><Reference><Citation,ENTITY
Monteiro,ENTITY
A. &amp,ENTITY
Hanafusa,ENTITY
H. Evidence,ENTITY
transcriptional activation function,ENTITY
BRCA1,ENTITY
C-terminal region,ENTITY
USA,ENTITY
BRCA1,ENTITY
physically,ENTITY
associates,ENTITY
p53,ENTITY
stimulates,ENTITY
transcriptional activity,ENTITY
Oncogene,ENTITY
Deng,ENTITY
C. X. BRCA1,ENTITY
cell cycle checkpoint,ENTITY
genetic instability,ENTITY
DNA damage response,ENTITY
cancer evolution,ENTITY
Nucleic Acids,ENTITY
Kastan,ENTITY
M. B.,ENTITY
Involvement,ENTITY
Brca1,ENTITY
S-phase,ENTITY
G(2)-phase checkpoints,ENTITY
ionizing irradiation,ENTITY
Shabbeer,ENTITY
BRCA1,ENTITY
targets,ENTITY
G2/M cell cycle proteins,ENTITY
ubiquitination,ENTITY
proteasomal degradation,ENTITY
Oncogene,ENTITY
(2013).</Citation></Reference><Reference><Citation,ENTITY
Menzel,ENTITY
genetic screen,ENTITY
BRCA2,ENTITY
PALB2,ENTITY
regulators,ENTITY
G2 checkpoint maintenance,ENTITY
EMBO,ENTITY
705&#x2013;712 (2011).</Citation></Reference><Reference><Citation,ENTITY
Recommendations,ENTITY
functional,ENTITY
evidence,ENTITY
PS3/BS3,ENTITY
criterion,ENTITY
ACMG/AMP sequence,ENTITY
interpretation framework,ENTITY
Genome,ENTITY
M. A.,ENTITY
Monteiro,ENTITY
A. N. Functional assays,ENTITY
BRCA1,ENTITY
BRCA2,ENTITY
(2007).</Citation></Reference><Reference><Citation,ENTITY
Radice,ENTITY
P.,ENTITY
Caleca,ENTITY
S.,ENTITY
variants,ENTITY
BRCA,ENTITY
guidelines,ENTITY
interpretation,ENTITY
Oncol,ENTITY
G. A. et al. A,ENTITY
functional analysis,ENTITY
BRCA1,ENTITY
variants,ENTITY
uncertain,ENTITY
significance,ENTITY
Mutat,ENTITY
(2012).</Citation></Reference><Reference><Citation,ENTITY
Guidugli,ENTITY
Assessment,ENTITY
clinical,ENTITY
relevance,ENTITY
BRCA2,ENTITY
missense,ENTITY
variants,ENTITY
functional,ENTITY
computational approaches,ENTITY
Genet,ENTITY
233&#x2013;248 (2018).</Citation></Reference><Reference><Citation>Fernandes,ENTITY
V. C. et al.,ENTITY
Impact,ENTITY
amino acid substitutions,ENTITY
secondary structures,ENTITY
BRCT domains,ENTITY
tumor suppressor BRCA1,ENTITY
clinical annotation,ENTITY
(2019).</Citation></Reference><Reference><Citation,ENTITY
computational model,ENTITY
classification,ENTITY
BRCA2,ENTITY
variants,ENTITY
mouse embryonic stem cell-based functional assays,ENTITY
NPJ Genom,ENTITY
Functional analyses,ENTITY
germline,ENTITY
BRCA1,ENTITY
variants,ENTITY
transcriptional activation,ENTITY
homologous recombination repair assays,ENTITY
BMC Cancer,ENTITY
Bouwman,ENTITY
Functional,ENTITY
BRCA1,ENTITY
variants,ENTITY
clinical significance,ENTITY
homologous recombination,ENTITY
4559&#x2013;4568 (2020).</Citation></Reference><Reference><Citation>Clark,ENTITY
Comprehensive,ENTITY
evaluation,ENTITY
efficient,ENTITY
classification,ENTITY
BRCA1,ENTITY
RING domain missense,ENTITY
Genet,ENTITY
(2022).</Citation></Reference><Reference><Citation,ENTITY
Caleca,ENTITY
Radice,ENTITY
P. Refinement,ENTITY
assignment,ENTITY
ACMG/AMP BS3,ENTITY
PS3 criteria,ENTITY
BRCA1,ENTITY
variants,ENTITY
uncertain,ENTITY
significance,ENTITY
functional,ENTITY
data,ENTITY
protein interaction assays,ENTITY
Front,ENTITY
Oncol,ENTITY
Mateu-Regu&#xe9,ENTITY
Mariani,ENTITY
M. &amp,ENTITY
F. C. Functional,ENTITY
protein variants,ENTITY
structured domains,ENTITY
fluorescence cross-correlation spectroscopy,ENTITY
(2026).</Citation></Reference><Reference><Citation,ENTITY
classification,ENTITY
BRCA1,ENTITY
variants,ENTITY
saturation,ENTITY
genome editing,ENTITY
Nature,ENTITY
217&#x2013;222 (2018).</Citation></Reference><Reference><Citation,ENTITY
Multiparametric,ENTITY
functional analysis,ENTITY
genetic sequence,ENTITY
variants,ENTITY
CRISPR-Select,ENTITY
Genet,ENTITY
(2022).</Citation></Reference><Reference><Citation,ENTITY
Billaud,ENTITY
Functional,ENTITY
pre-therapeutic,ENTITY
genome editing,ENTITY
variants,ENTITY
uncertain,ENTITY
significance,ENTITY
essential,ENTITY
tumor suppressor genes,ENTITY
Genome,ENTITY
(2021).</Citation></Reference><Reference><Citation,ENTITY
homologous recombination,ENTITY
phosphopeptide-binding data,ENTITY
impact,ENTITY
BRCA1,ENTITY
BRCT,ENTITY
variants,ENTITY
cancer risk,ENTITY
M. E. et al.,ENTITY
functional,ENTITY
data,ENTITY
pathogenicity,ENTITY
neutrality,ENTITY
BRCA2,ENTITY
DNA-binding-domain,ENTITY
variants,ENTITY
uncertain,ENTITY
significance,ENTITY
Genet,ENTITY
(2021).</Citation></Reference><Reference><Citation,ENTITY
Functional analysis,ENTITY
clinical,ENTITY
classification,ENTITY
germline,ENTITY
BRCA2,ENTITY
missense,ENTITY
variants,ENTITY
affecting,ENTITY
DNA binding domain,ENTITY
Genet,ENTITY
(2024).</Citation></Reference><Reference><Citation,ENTITY
Massively parallel,ENTITY
BRCA1,ENTITY
RING,ENTITY
variants,ENTITY
Genetics,ENTITY
"(2015).</Citation></Reference><Reference><Citation>Starita, L. M. et al. A multiplex homology-directed DNA repair assay",ENTITY
impact,ENTITY
BRCA1,ENTITY
missense,ENTITY
substitution,ENTITY
variants,ENTITY
protein function,ENTITY
Genet,ENTITY
A. I.,ENTITY
functional,ENTITY
impact,ENTITY
BRCA1,ENTITY
BRCT domain,ENTITY
variants,ENTITY
multiplexed DNA double-strand break repair assays,ENTITY
Genet,ENTITY
"618&#x2013;630 (2022).</Citation></Reference><Reference><Citation>Diabate, M. et al. DNA repair function scores",ENTITY
variants,ENTITY
BRCA1,ENTITY
amino-terminus,ENTITY
Genet,ENTITY
Multiplexed assay,ENTITY
variant,ENTITY
residues,ENTITY
functional,ENTITY
BRCA1,ENTITY
coiled-coil,ENTITY
serine cluster domains,ENTITY
(2023).</Citation></Reference><Reference><Citation,ENTITY
Functional evaluation,ENTITY
cancer risk,ENTITY
BRCA2,ENTITY
unclassified,ENTITY
variants,ENTITY
Comprehensive,ENTITY
annotation,ENTITY
BRCA1,ENTITY
BRCA2,ENTITY
missense,ENTITY
variants,ENTITY
prediction models,ENTITY
Genet,ENTITY
(2019).</Citation></Reference><Reference><Citation,ENTITY
Guidugli,ENTITY
Functional assays,ENTITY
analysis,ENTITY
variants,ENTITY
uncertain,ENTITY
significance,ENTITY
BRCA2,ENTITY
Mutat,ENTITY
A. J.,ENTITY
Thompson,ENTITY
Jasin,ENTITY
M. XRCC3,ENTITY
homology-directed repair,ENTITY
DNA damage,ENTITY
mammalian cells,ENTITY
Genes Dev,ENTITY
Functional assays,ENTITY
classification,ENTITY
BRCA2,ENTITY
variants,ENTITY
uncertain,ENTITY
significance,ENTITY
(2008).</Citation></Reference><Reference><Citation,ENTITY
Classification,ENTITY
BRCA2,ENTITY
variants,ENTITY
uncertain,ENTITY
significance,ENTITY
VUS,ENTITY
ACMG/AMP model,ENTITY
homology-directed repair,ENTITY
HDR,ENTITY
functional assay,ENTITY
Certo,ENTITY
M. T. et,ENTITY
Tracking genome engineering,ENTITY
outcome,ENTITY
individual,ENTITY
DNA breakpoints,ENTITY
(2011).</Citation></Reference><Reference><Citation>Kuznetsov,ENTITY
Liu,ENTITY
Sharan,ENTITY
S. K. Mouse embryonic stem,ENTITY
evaluate,ENTITY
mutations,ENTITY
BRCA2,ENTITY
(2008).</Citation></Reference><Reference><Citation,ENTITY
Bouwman,ENTITY
classification,ENTITY
BRCA1,ENTITY
missense variants,ENTITY
(2013).</Citation></Reference><Reference><Citation,ENTITY
Mesman,ENTITY
R. L.,ENTITY
functional,ENTITY
impact,ENTITY
variants,ENTITY
uncertain,ENTITY
significance,ENTITY
BRCA2,ENTITY
Genet,ENTITY
Functional,ENTITY
evaluation,ENTITY
BRCA2,ENTITY
variants,ENTITY
mapping,ENTITY
PALB2-binding,ENTITY
C-terminal DNA-binding domains,ENTITY
mouse ES,ENTITY
cell-based assay,ENTITY
Genet,ENTITY
Li,ENTITY
Functional,ENTITY
exon,ENTITY
BRCA2,ENTITY
comprehensive,ENTITY
analysis,ENTITY
c.6853A&gt;G (p.I2285V),ENTITY
variant,ENTITY
Mutat,ENTITY
(2009).</Citation></Reference><Reference><Citation,ENTITY
functional,ENTITY
characterization,ENTITY
BRCA2,ENTITY
variants,ENTITY
associated with,ENTITY
Fanconi anemia,ENTITY
mouse ES,ENTITY
cell-based assay,ENTITY
Blood,ENTITY
(2011).</Citation></Reference><Reference><Citation,ENTITY
splice site,ENTITY
mutation,ENTITY
noncoding region,ENTITY
BRCA2,ENTITY
Fanconi anemia,ENTITY
familial breast cancer,ENTITY
diagnostics,ENTITY
Mutat,ENTITY
(2014).</Citation></Reference><Reference><Citation,ENTITY
Functional,ENTITY
evaluation,ENTITY
BRCA2,ENTITY
unclassified,ENTITY
variants,ENTITY
identified,ENTITY
Sri Lankan,ENTITY
cohort,ENTITY
inherited,ENTITY
cancer syndromes,ENTITY
mouse embryonic stem cell-based assay,ENTITY
Breast Cancer,ENTITY
Tubeuf,ENTITY
Calibration,ENTITY
pathogenicity,ENTITY
variant-induced leaky,ENTITY
splicing,ENTITY
defects,ENTITY
BRCA2,ENTITY
model system,ENTITY
Sharan,ENTITY
premature stop,ENTITY
generation,ENTITY
functional,ENTITY
BRCA2,ENTITY
exon skipping,ENTITY
Genet,ENTITY
Epidemiological,ENTITY
evaluation,ENTITY
BRCA2,ENTITY
variants,ENTITY
identified,ENTITY
families,ENTITY
breast cancer,ENTITY
Mutat,ENTITY
(2021).</Citation></Reference><Reference><Citation,ENTITY
Meulemans,ENTITY
Skipping,ENTITY
nonsense,ENTITY
function,ENTITY
paradigm,ENTITY
BRCA2,ENTITY
exon,ENTITY
Mesman,ENTITY
R. L.,ENTITY
mRNA splicing,ENTITY
attenuate,ENTITY
pathogenicity,ENTITY
loss-of-function,ENTITY
variants,ENTITY
BRCA2,ENTITY
Genet,ENTITY
(2020).</Citation></Reference><Reference><Citation,ENTITY
Chang,ENTITY
Martin,ENTITY
Sharan,ENTITY
S. K.,ENTITY
human,ENTITY
BRCA1,ENTITY
variants,ENTITY
mouse ES,ENTITY
functional analysis,ENTITY
BRCA1,ENTITY
mutations,ENTITY
(2009).</Citation></Reference><Reference><Citation,ENTITY
High-throughput,ENTITY
evaluation,ENTITY
BRCA2,ENTITY
variants,ENTITY
significance,ENTITY
Commun,ENTITY
Hayes,ENTITY
F.,ENTITY
Cayanan,ENTITY
C.,ENTITY
Barilla,ENTITY
Monteiro,ENTITY
A. N.,ENTITY
BRCA1,ENTITY
mutagenesis,ENTITY
COOH-terminal region,ENTITY
critical residues,ENTITY
transcription activation,ENTITY
Nepomuceno,ENTITY
T. C. et al. Assessment,ENTITY
BRCA1,ENTITY
BRCA2,ENTITY
germline variant,ENTITY
data,ENTITY
patients,ENTITY
breast cancer,ENTITY
real-world,ENTITY
data registry,ENTITY
JCO,ENTITY
Clin,ENTITY
e2300251 (2024).</Citation></Reference><Reference><Citation>Iversen,ENTITY
E. S. Jr.,ENTITY
Goldgar,ENTITY
Tavtigian,ENTITY
Monteiro,ENTITY
A. N. A,ENTITY
computational method,ENTITY
variants,ENTITY
uncertain,ENTITY
significance,ENTITY
functional,ENTITY
data,ENTITY
BRCA1,ENTITY
Cancer Epidemiol,ENTITY
Biomark,ENTITY
Prev,ENTITY
Nepomuceno,ENTITY
T. C. et al. Assessment,ENTITY
in-frame,ENTITY
C-terminal nonsense,ENTITY
variants,ENTITY
BRCA1,ENTITY
functional assay,ENTITY
(2022).</Citation></Reference><Reference><Citation,ENTITY
Nepomuceno,ENTITY
T. C. et al.,ENTITY
BRCA1,ENTITY
frameshift variants,ENTITY
protein C termini,ENTITY
HGG,ENTITY
(2023).</Citation></Reference><Reference><Citation,ENTITY
Monteiro,ENTITY
A. N. BRCA1,ENTITY
transcription,ENTITY
(2000).</Citation></Reference><Reference><Citation>Vallon-Christersson,ENTITY
Functional analysis,ENTITY
BRCA1,ENTITY
C-terminal missense mutations,ENTITY
identified,ENTITY
breast,ENTITY
ovarian cancer,ENTITY
families,ENTITY
Genet,ENTITY
(2001).</Citation></Reference><Reference><Citation,ENTITY
Boyle,ENTITY
"E. A.,",ENTITY
Hause,ENTITY
Klein,ENTITY
Shendure,ENTITY
Saturation editing,ENTITY
genomic regions,ENTITY
multiplex homology-directed repair,ENTITY
(2014).</Citation></Reference><Reference><Citation,ENTITY
Saturation,ENTITY
codons,ENTITY
exon 13,ENTITY
BRCA2,ENTITY
coupled,ENTITY
chemotherapeutic drug response,ENTITY
pathogenicity,ENTITY
variants,ENTITY
Genet,ENTITY
(2023).</Citation></Reference><Reference><Citation>Sahu,ENTITY
Saturation genome editing-based clinical classification,ENTITY
BRCA2,ENTITY
variants,ENTITY
Saturation,ENTITY
genome editing,ENTITY
BRCA1,ENTITY
cell types,ENTITY
resolves,ENTITY
cancer risk,ENTITY
Li,ENTITY
Functional annotation,ENTITY
variants,ENTITY
BRCA2 gene,ENTITY
locally haploid,ENTITY
human,ENTITY
(2024).</Citation></Reference><Reference><Citation,ENTITY
Erwood,ENTITY
Saturation variant,ENTITY
interpretation,ENTITY
CRISPR,ENTITY
prime editing,ENTITY
Biotechnol,ENTITY
(2022).</Citation></Reference><Reference><Citation,ENTITY
Billaud,ENTITY
meta-analysis,ENTITY
precision functional assays,ENTITY
FANCM,ENTITY
regions,ENTITY
PTVs,ENTITY
risks,ENTITY
ER-negative,ENTITY
triple-negative breast cancer,ENTITY
(2025).</Citation></Reference><Reference><Citation,ENTITY
B&#xf6;rcs&#xf6;k,ENTITY
Quantitative functional profiling,ENTITY
ERCC2,ENTITY
mutations,ENTITY
cisplatin,ENTITY
sensitivity,ENTITY
bladder cancer,ENTITY
https://doi.org/10.1172/jci186688,ENTITY
Duthoo,ENTITY
Replication stress,ENTITY
microcephalic primordial dwarfism,ENTITY
immunity,ENTITY
ATRIP,ENTITY
deficient,ENTITY
patients,ENTITY
Frequency,ENTITY
functional,ENTITY
characterization,ENTITY
RUNX1,ENTITY
germline variants,ENTITY
myeloid neoplasms,ENTITY
Mutat,ENTITY
Li,ENTITY
G6PC3,ENTITY
genome,ENTITY
maintenance,ENTITY
mammary,ENTITY
tumor suppressor,ENTITY
JCI,ENTITY
https://doi.org/10.1172/jci.insight.186747 (2025).</Citation></Reference><Reference><Citation,ENTITY
Tavtigian,ENTITY
Harrison,ENTITY
Biesecker,ENTITY
L. G. Fitting,ENTITY
scaled,ENTITY
ACMG/AMP variant,ENTITY
classification,ENTITY
guidelines,ENTITY
Mutat,ENTITY
Tavtigian,ENTITY
Modeling,ENTITY
ACMG/AMP variant,ENTITY
classification,ENTITY
guidelines,ENTITY
Bayesian classification framework,ENTITY
Genet,ENTITY
Eldomery,ENTITY
M. K. et al. Evaluation,ENTITY
Bayesian point-based system,ENTITY
variant,ENTITY
classification,ENTITY
hereditary cancer,ENTITY
predisposition genes,ENTITY
Genet,ENTITY
(2024).</Citation></Reference><Reference><Citation,ENTITY
Shariant platform,ENTITY
evidence,ENTITY
Australian,ENTITY
clinical,ENTITY
variant,ENTITY
interpretation,ENTITY
Genet,ENTITY
Consultation,ENTITY
informs,ENTITY
improving,ENTITY
functional,ENTITY
evidence,ENTITY
variant,ENTITY
classification,ENTITY
Genet,ENTITY
(2025).</Citation></Reference><Reference><Citation,ENTITY
M. S. et al.,ENTITY
improving,ENTITY
accessibility,ENTITY
usability,ENTITY
functional,ENTITY
data,ENTITY
unlock,ENTITY
potential,ENTITY
variant,ENTITY
interpretation,ENTITY
Genet,ENTITY
(2025).</Citation></Reference><Reference><Citation>Harrison,ENTITY
Clinical laboratories,ENTITY
collaborate,ENTITY
variant,ENTITY
interpretations,ENTITY
ClinVar,ENTITY
Genet,ENTITY
(2017).</Citation></Reference><Reference><Citation,ENTITY
Schmidt,ENTITY
Recommendations,ENTITY
risk allele,ENTITY
classification,ENTITY
reporting,ENTITY
ClinGen,ENTITY
Low,ENTITY
Penetrance/Risk,ENTITY
Allele,ENTITY
Working Group,ENTITY
Genet,ENTITY
(2024).</Citation></Reference><Reference><Citation,ENTITY
Reduced,ENTITY
penetrance,ENTITY
BRCA1,ENTITY
BRCA2,ENTITY
pathogenic,ENTITY
variants,ENTITY
clinical germline,ENTITY
genetic testing,ENTITY
Precis,ENTITY
Oncol,ENTITY
(2024).</Citation></Reference><Reference><Citation,ENTITY
Integration,ENTITY
functional,ENTITY
data,ENTITY
BRCA1/2,ENTITY
missense,ENTITY
variants,ENTITY
ENIGMA,ENTITY
project,ENTITY
(2024).</Citation></Reference><Reference><Citation,ENTITY
Allen,ENTITY
data,ENTITY
multiplex assays,ENTITY
variant,ENTITY
effect,ENTITY
CanVIG-UK national survey,ENTITY
NHS clinical scientists,ENTITY
Genet,ENTITY
P. C. M. Jr.,ENTITY
Integration,ENTITY
functional,ENTITY
evidence,ENTITY
classification,ENTITY
BRCA1,ENTITY
variants,ENTITY
uncertain,ENTITY
significance,ENTITY
Genet,ENTITY
(2021).</Citation></Reference><Reference><Citation,ENTITY
ClinVar,ENTITY
access,ENTITY
variant,ENTITY
interpretations,ENTITY
evidence,ENTITY
Nucleic Acids,ENTITY
D1062&#x2013;d1067,ENTITY
"PubModel=""Print-Electronic""><Journal><ISSN",ENTITY
"IssnType=""Electronic"">2468",ENTITY
"CitedMedium=""Internet""><Volume>47</Volume><PubDate><Year>2026</Year><Month",ENTITY
Cancer treatment,ENTITY
research,ENTITY
complex,ENTITY
landscape,ENTITY
non-coding RNAs,ENTITY
olaparib response,ENTITY
"resistance.</ArticleTitle><Pagination><StartPage>101214</StartPage><MedlinePgn>101214</MedlinePgn></Pagination><ELocationID EIdType=""doi",ENTITY
"ValidYN=""Y"">10.1016/j.ctarc.2026.101214</ELocationID><ELocationID EIdType=""pii",ENTITY
"ValidYN=""Y""",ENTITY
S2468,ENTITY
2942(26)00125,ENTITY
5</ELocationID><Abstract><AbstractText,ENTITY
PARPi,ENTITY
olaparib,ENTITY
revolutionized,ENTITY
treatment,ENTITY
cancers,ENTITY
deficiencies,ENTITY
homologous recombination repair,ENTITY
HRR,ENTITY
BRCA1/2 mutations,ENTITY
clinical efficacy,ENTITY
olaparib,ENTITY
development,ENTITY
acquired,ENTITY
de novo,ENTITY
resistance,ENTITY
non-coding RNAs,ENTITY
miRNAs,ENTITY
lncRNAs,ENTITY
circRNAs,ENTITY
cellular response,ENTITY
olaparib,ENTITY
revie,ENTITY
synthesizes,ENTITY
findings,ENTITY
ncRNAs,ENTITY
olaparib therapy,ENTITY
ncRNAs,ENTITY
modulate,ENTITY
sensitivity,ENTITY
resistance,ENTITY
olaparib,ENTITY
mechanisms,ENTITY
action,ENTITY
indirect,ENTITY
regulation,ENTITY
HRR genes,ENTITY
BRCA1,ENTITY
BRCA2,ENTITY
RAD51,ENTITY
alternative signaling pathways,ENTITY
Wnt/&#x3b2;-catenin,ENTITY
STING,ENTITY
olaparib,ENTITY
treatment,ENTITY
expression profile,ENTITY
ncRNAs,ENTITY
dynamic feedback,ENTITY
loop,ENTITY
influence,ENTITY
therapeutic outcome,ENTITY
findings,ENTITY
cancers,ENTITY
ovarian,ENTITY
breast,ENTITY
prostate,ENTITY
hepatocellular carcinoma,ENTITY
review,ENTITY
potential,ENTITY
ncRNAs,ENTITY
predictive,ENTITY
biomarkers,ENTITY
therapeutic,ENTITY
targets,ENTITY
PARPi,ENTITY
resistance,ENTITY
patient,ENTITY
Published,ENTITY
Elsevier,ENTITY
"CompleteYN=""Y""><Author ValidYN=""Y""><LastName",ENTITY
Fatemeh</ForeName><Initials,ENTITY
F</Initials><AffiliationInfo><Affiliation,ENTITY
Student,ENTITY
Research Committee,ENTITY
Shahid Beheshti University of Medical Sciences,ENTITY
Tehran,ENTITY
Ghasemi</LastName><ForeName,ENTITY
Maryam</ForeName><Initials,ENTITY
M</Initials><AffiliationInfo><Affiliation,ENTITY
Student,ENTITY
Research Committee,ENTITY
Shahid Beheshti University of Medical Sciences,ENTITY
Tehran,ENTITY
A</Initials><AffiliationInfo><Affiliation,ENTITY
Department,ENTITY
Gynecology,ENTITY
Women's Hospital,ENTITY
Tehran University of Medical Sciences,ENTITY
Tehran,ENTITY
Ghafouri-Fard</LastName><ForeName,ENTITY
Soudeh</ForeName><Initials,ENTITY
S</Initials><AffiliationInfo><Affiliation,ENTITY
Shahid Beheshti University of Medical Sciences,ENTITY
Tehran,ENTITY
Iran,ENTITY
Electronic,ENTITY
s.ghafourifard@sbmu.ac.ir.</Affiliation></AffiliationInfo></Author></AuthorList><Language,ENTITY
Commun</MedlineTA><NlmUniqueID>101694651</NlmUniqueID><ISSNLinking>2468,ENTITY
"Owner=""NOTNLM""><Keyword MajorTopicYN=""N"">Olaparib</Keyword><Keyword MajorTopicYN=""N""",ENTITY
"circRNA</Keyword><Keyword MajorTopicYN=""N"">lncRNA</Keyword><Keyword MajorTopicYN=""N"">miRNA</Keyword></KeywordList><CoiStatement>",ENTITY
Declaration,ENTITY
Authors,ENTITY
"interests.</CoiStatement></MedlineCitation><PubmedData><History><PubMedPubDate PubStatus=""medline""><Year>2026</Year><Month>4</Month><Day>16</Day><Hour>13</Hour><Minute>9</Minute></PubMedPubDate><PubMedPubDate",ENTITY
"PubStatus=""pubmed""><Year>2026</Year><Month>4</Month><Day>16</Day><Hour>13</Hour><Minute>9</Minute></PubMedPubDate><PubMedPubDate",ENTITY
"PubStatus=""received""><Year>2026</Year><Month>2</Month><Day>16</Day></PubMedPubDate><PubMedPubDate PubStatus=""revised""><Year>2026</Year><Month>4</Month><Day>8</Day></PubMedPubDate><PubMedPubDate",ENTITY
"PubStatus=""accepted""><Year>2026</Year><Month>4</Month><Day>9</Day></PubMedPubDate><PubMedPubDate",ENTITY
"PubStatus=""entrez""><Year>2026</Year><Month>4</Month><Day>15</Day><Hour>18</Hour><Minute>8</Minute></PubMedPubDate></History><PublicationStatus",ENTITY
aheadofprint</PublicationStatus><ArticleIdList><ArticleId,ENTITY
"IdType=""pubmed"">41985435</ArticleId><ArticleId IdType=""doi"">10.1016/j.ctarc.2026.101214</ArticleId><ArticleId IdType=""pii""",ENTITY
S2468,ENTITY
5</ArticleId></ArticleIdList></PubmedData></PubmedArticle><PubmedArticle><MedlineCitation,ENTITY
"Owner=""NLM",ENTITY
"IssnType=""Electronic"">2574",ENTITY
"CitedMedium=""Internet""><Volume>9</Volume><Issue>4</Issue><PubDate><Year>2026</Year><Month",ENTITY
JAMA,ENTITY
network,ENTITY
Clinical,ENTITY
Molecular Validation,ENTITY
Favorable,ENTITY
Risk Group,ENTITY
Metastatic Renal Cell,ENTITY
"EIdType=""doi",ENTITY
"ValidYN=""Y"">10.1001/jamanetworkopen.2026.7030</ELocationID><Abstract",ENTITY
"AbstractText Label=""IMPORTANCE",ENTITY
"NlmCategory=""UNASSIGNED""",ENTITY
International Metastatic Renal Cell Carcinoma Database Consortium,ENTITY
risk criteria,ENTITY
metastatic renal cell carcinoma,ENTITY
mRCC,ENTITY
favorable,ENTITY
intermediate,ENTITY
poor risk groups,ENTITY
heterogeneity,ENTITY
favorable risk,ENTITY
"NlmCategory=""UNASSIGNED""",ENTITY
evaluate,ENTITY
subgroup,ENTITY
Karnofsky Performance Status,ENTITY
diagnosis,ENTITY
treatment,ENTITY
x2265;3,ENTITY
years,ENTITY
brain,ENTITY
liver,ENTITY
bone metastases,ENTITY
characterize,ENTITY
molecular,ENTITY
SETTING,ENTITY
PARTICIPANTS,ENTITY
"NlmCategory=""UNASSIGNED""",ENTITY
retrospective cohort study,ENTITY
IMDC,ENTITY
data,ENTITY
January,ENTITY
patients,ENTITY
favorable risk,ENTITY
mRCC,ENTITY
favorable,ENTITY
Molecular profiling,ENTITY
Study,ENTITY
Atezolizumab,ENTITY
Combination,ENTITY
Bevacizumab,ENTITY
Sunitinib,ENTITY
Participants,ENTITY
Untreated Advanced Renal Cell Carcinoma,ENTITY
data,ENTITY
whole-exome sequencing,ENTITY
RNA sequencing,ENTITY
programmed,ENTITY
cell death,ENTITY
"NlmCategory=""UNASSIGNED""",ENTITY
Systemic standard,ENTITY
care treatments,ENTITY
mRCC,ENTITY
vascular endothelial growth factor receptor targeted therapy,ENTITY
VEGF-TT,ENTITY
sunitinib,ENTITY
pazopanib,ENTITY
immune-oncology-VEGF,ENTITY
IO-VE,ENTITY
pembrolizumab,ENTITY
axitinib,ENTITY
pembrolizumab,ENTITY
lenvatinib,ENTITY
nivolumab,ENTITY
cabozantinib,ENTITY
avelumab,ENTITY
axitinib,ENTITY
IO,ENTITY
IO-IO,ENTITY
ipilimumab,ENTITY
nivolumab,ENTITY
"Label=""MAIN",ENTITY
OUTCOMES,ENTITY
MEASURES,ENTITY
"NlmCategory=""UNASSIGNED""",ENTITY
study,ENTITY
OS,ENTITY
years,ENTITY
favorable risk group,ENTITY
tier,ENTITY
subgroups,ENTITY
treatment options,ENTITY
Secondary end points,ENTITY
next treatment,ENTITY
treatment duration,ENTITY
overall response,ENTITY
Outcomes,ENTITY
treatment types,ENTITY
VEGF-TT,ENTITY
IO-VE,ENTITY
"NlmCategory=""UNASSIGNED""",ENTITY
patients,ENTITY
favorable risk,ENTITY
mRCC,ENTITY
median,ENTITY
IQR,ENTITY
age,ENTITY
years,ENTITY
males,ENTITY
criteria,ENTITY
subgroup,ENTITY
characterized,ENTITY
age,ENTITY
treatment,ENTITY
distribution,ENTITY
rates,ENTITY
sarcomatoid,ENTITY
features,ENTITY
patients,ENTITY
metastatic site,ENTITY
absence,ENTITY
brain,ENTITY
bone,ENTITY
liver metastases,ENTITY
compared,ENTITY
patients,ENTITY
favorable risk,ENTITY
Patients,ENTITY
tier,ENTITY
median,ENTITY
OS,ENTITY
CI,ENTITY
months,ENTITY
CI,ENTITY
months,ENTITY
tier 2,ENTITY
P&#x2009;&lt;&#x2009;.001,ENTITY
molecular features,ENTITY
alterations,ENTITY
low BRCA1-associated protein 1,ENTITY
alterations,ENTITY
programmed,ENTITY
cell death,ENTITY
positivity,ENTITY
transcriptomics,ENTITY
immune-infiltrated tumors,ENTITY
immunogenic clusters,ENTITY
subgroups,ENTITY
Clinically,ENTITY
IO-IO,ENTITY
OS,ENTITY
CI,ENTITY
CI,ENTITY
IO-VE,ENTITY
CI,ENTITY
VEGF-TT,ENTITY
IO-IO,ENTITY
hazard ratio,ENTITY
CI,ENTITY
IO-VE,ENTITY
"VEGF-TT).</AbstractText><AbstractText Label=""CONCLUSIONS AND RELEVANCE",ENTITY
"NlmCategory=""UNASSIGNED""",ENTITY
cohort study,ENTITY
favorable,ENTITY
risk subgroup,ENTITY
immunogenic molecular profile,ENTITY
superior,ENTITY
outcomes,ENTITY
VEGF-containing regimens,ENTITY
VEGF-TT,ENTITY
IO-VE,ENTITY
compared,ENTITY
favorable risk group,ENTITY
IO-IO,ENTITY
combination,ENTITY
survival,ENTITY
population,ENTITY
VEGF,ENTITY
inhibition,ENTITY
optimal,ENTITY
"outcomes.</AbstractText></Abstract><AuthorList CompleteYN=""Y""><Author ValidYN=""Y""><LastName",ENTITY
Zarba</LastName><ForeName,ENTITY
Martin</ForeName><Initials,ENTITY
Arthur JE Child Comprehensive Cancer Centre,ENTITY
Calgary,ENTITY
Alberta,ENTITY
Saad</LastName><ForeName,ENTITY
Eddy</ForeName><Initials,ENTITY
Dana-Farber Cancer Institute,ENTITY
Harvard Medical School,ENTITY
Boston,ENTITY
Karl</ForeName><Initials,ENTITY
K</Initials><AffiliationInfo><Affiliation,ENTITY
Dana-Farber Cancer Institute,ENTITY
Harvard Medical School,ENTITY
Boston,ENTITY
Talal</ForeName><Initials,ENTITY
T</Initials><AffiliationInfo><Affiliation,ENTITY
Yale University,ENTITY
Evan</ForeName><Initials,ENTITY
o><Affiliation,ENTITY
University of Calgary,ENTITY
Calgary,ENTITY
Alberta,ENTITY
Wells</LastName><ForeName,ENTITY
Connor</ForeName><Initials,ENTITY
C</Initials><AffiliationInfo><Affiliation,ENTITY
Arthur JE Child Comprehensive Cancer Centre,ENTITY
Calgary,ENTITY
Alberta,ENTITY
El Hajj Chehade</LastName><ForeName>,ENTITY
Razane</ForeName><Initials,ENTITY
Dana-Farber Cancer Institute,ENTITY
Harvard Medical School,ENTITY
Boston,ENTITY
Department,ENTITY
Cross Cancer Institute,ENTITY
University of Alberta,ENTITY
Edmonton,ENTITY
Alberta,ENTITY
H</Initials><AffiliationInfo><Affiliation,ENTITY
Duarte,ENTITY
Mahrukh</ForeName><Initials,ENTITY
M</Initials><AffiliationInfo><Affiliation,ENTITY
Genentech,ENTITY
San Francisco,ENTITY
Romain</ForeName><Initials,ENTITY
R</Initials><AffiliationInfo><Affiliation,ENTITY
Genentech,ENTITY
San Francisco,ENTITY
McKay</LastName><ForeName,ENTITY
Rana,ENTITY
R</ForeName><Initials,ENTITY
RR</Initials><AffiliationInfo><Affiliation,ENTITY
University of California San Diego Health,ENTITY
Wood</LastName><ForeName,ENTITY
Lori</ForeName><Initials,ENTITY
L</Initials><AffiliationInfo><Affiliation,ENTITY
Division,ENTITY
Medical Oncology,ENTITY
Queen Elizabeth II Health Sciences Centre,ENTITY
Dalhousie University,ENTITY
Halifax,ENTITY
Nova Scotia,ENTITY
Beuselinck</LastName><ForeName,ENTITY
Benoit</ForeName><Initials,ENTITY
B</Initials><AffiliationInfo><Affiliation,ENTITY
Department,ENTITY
Universitair Ziekenhuis Leuven,ENTITY
"Belgium.</Affiliation></AffiliationInfo></Author><Author ValidYN=""Y""><LastName>Su&#xe1;rez</LastName><ForeName>",ENTITY
C</Initials><AffiliationInfo><Affiliation,ENTITY
Medical Oncology,ENTITY
Vall d'Hebron Institute of Oncology,ENTITY
Vall d'Hebron University Hospital,ENTITY
Barcelona,ENTITY
Kosuke</ForeName><Initials,ENTITY
Japanese Foundation,ENTITY
Cancer Research,ENTITY
Tokyo,ENTITY
A</ForeName><Initials,ENTITY
AA</Initials><AffiliationInfo><Affiliation,ENTITY
Hamilton,ENTITY
Ontario,ENTITY
Haoran</ForeName><Initials,ENTITY
H</Initials><AffiliationInfo><Affiliation,ENTITY
Huntsman Cancer Institute,ENTITY
University,ENTITY
Utah,ENTITY
"Salt Lake City.</Affiliation></AffiliationInfo></Author><Author ValidYN=""Y""><LastName",ENTITY
Lavinia Anne</ForeName><Initials,ENTITY
LA</Initials><AffiliationInfo><Affiliation,ENTITY
Peter MacCallum Cancer Centre,ENTITY
Melbourne,ENTITY
Victoria,ENTITY
"Australia.</Affiliation></AffiliationInfo></Author><Author ValidYN=""Y""><LastName>Templeton</LastName><ForeName>Arnoud J</ForeName><Initials>",ENTITY
AJ</Initials><AffiliationInfo><Affiliation,ENTITY
St Claraspital,ENTITY
Basel,ENTITY
Thomas,ENTITY
TB</Initials><AffiliationInfo><Affiliation,ENTITY
Barts Cancer Institute,ENTITY
Mary University,ENTITY
London,ENTITY
"United Kingdom.</Affiliation></AffiliationInfo></Author><Author ValidYN=""Y""><LastName>Bjarnason</LastName><ForeName",ENTITY
Georg A</ForeName><Initials,ENTITY
Sunnybrook Odette Cancer Centre,ENTITY
Toronto,ENTITY
Ontario,ENTITY
Guillermo</ForeName><Initials,ENTITY
G</Initials><AffiliationInfo><Affiliation,ENTITY
Medical Oncology Department,ENTITY
Department,ENTITY
Dana-Farber Cancer Institute,ENTITY
Harvard Medical School,ENTITY
Boston,ENTITY
Massachusetts.</Affiliation></Affili,ENTITY
Arthur JE Child Comprehensive Cancer Centre,ENTITY
Calgary,ENTITY
Alberta,ENTITY
"Canada.</Affiliation></AffiliationInfo></Author></AuthorList><Language>eng</Language><PublicationTypeList><PublicationType UI=""D016428"">Journal Article</PublicationType></PublicationTypeList><ArticleDate DateType=""Electronic""><Year>2026</Year><Month>04</Month><Day>01</Day></ArticleDate></Article><MedlineJournalInfo><Country",ENTITY
United States</Country><MedlineTA>JAMA Netw,ENTITY
Open</MedlineTA><NlmUniqueID>101729235</NlmUniqueID><ISSNLinking>2574,ENTITY
Sunitinib</NameOfSubstance></Chemical><Chemical><RegistryNumber>2S9ZZM9Q9V</RegistryNumber><NameOfSubstance,ENTITY
Bevacizumab</NameOfSubstance></Chemical><Chemical><RegistryNumber>0</RegistryNumber><NameOfSubstance,ENTITY
Antibodies,ENTITY
Monoclonal,ENTITY
atezolizumab</NameOfSubstance></Chemical></ChemicalList><CitationSubset,ENTITY
"Renal Cell</DescriptorName><QualifierName UI=""Q000188"" MajorTopicYN=""N"">drug",ENTITY
"MajorTopicYN=""N""",ENTITY
"UI=""Q000473"" MajorTopicYN=""N"">pathology</QualifierName><QualifierName",ENTITY
Male</DescriptorName></MeshHeading><MeshHeading><DescriptorName,ENTITY
"UI=""D005260",ENTITY
"MajorTopicYN=""N""",ENTITY
"MajorTopicYN=""Y""",ENTITY
Kidney,ENTITY
"MajorTopicYN=""N""",ENTITY
"UI=""Q000188",ENTITY
drug,ENTITY
Middle,ENTITY
"UI=""D012189"" MajorTopicYN=""N"">",ENTITY
Retrospective,ENTITY
Studies</DescriptorName></MeshHeading><MeshHeading><DescriptorName,ENTITY
Risk,ENTITY
"MajorTopicYN=""N""",ENTITY
"MajorTopicYN=""N""",ENTITY
therapeutic,ENTITY
"UI=""D000068258"" MajorTopicYN=""N"">",ENTITY
"UI=""Q000627",ENTITY
"MajorTopicYN=""N""",ENTITY
therapeutic,ENTITY
Antibodies,ENTITY
Monoclonal,ENTITY
"MajorTopicYN=""N""",ENTITY
therapeutic,ENTITY
"PubStatus=""medline""><Year>2026</Year><Month>4</Month><Day>15</Day><Hour>13</Hour><Minute>54</Minute></PubMedPubDate><PubMedPubDate",ENTITY
epublish</PublicationStatus><ArticleIdList><ArticleId,ENTITY
"IdType=""pubmed"">41984479</ArticleId><ArticleId",ENTITY
"IdType=""doi"">10.1001/jamanetworkopen.2026.7030</ArticleId><ArticleId",ENTITY
"IdType=""pii"">2847775</ArticleId></ArticleIdList></PubmedData></PubmedArticle><PubmedArticle><MedlineCitation",ENTITY
"Status=""PubMed-not-MEDLINE",ENTITY
"Owner=""NLM""><PMID",ENTITY
"Version=""1"">41983230</PMID><DateCompleted><Year>2026</Year><Month>04</Month><Day>15</Day></DateCompleted><DateRevised><Year>2026</Year><Month>04</Month><Day>15</Day></DateRevised><Article",ENTITY
"IssnType=""Print"">2090",ENTITY
"CitedMedium=""Print""><Volume>2026</Volume><PubDate><Year>2026</Year></PubDate></JournalIssue><Title>International journal of",ENTITY
breast cancer</Title><ISOAbbreviation,ENTITY
Detection,ENTITY
Survival Analysis,ENTITY
Prognostic,ENTITY
Relevance,ENTITY
Tumor Genes,ENTITY
Patients,ENTITY
Breast Cancer.</ArticleTitle><Pagination><StartPage,ENTITY
"EIdType=""pii",ENTITY
"ValidYN=""Y"">3310843</ELocationID><ELocationID EIdType=""doi",ENTITY
"ValidYN=""Y"">10.1155/ijbc/3310843</ELocationID><Abstract><AbstractText",ENTITY
"Label=""BACKGROUND/OBJECTIVES",ENTITY
"NlmCategory=""UNASSIGNED""",ENTITY
Breast cancer,ENTITY
BC,ENTITY
diagnosed,ENTITY
malignancy,ENTITY
women,ENTITY
worldwide,ENTITY
global health,ENTITY
genes,ENTITY
associated with,ENTITY
tumor suppression,ENTITY
p53,ENTITY
BRCA1,ENTITY
BRCA2,ENTITY
telomere length maintenance,ENTITY
TERT,ENTITY
DNA damage response,ENTITY
FGFR2,ENTITY
DNA repair,ENTITY
CHD1,ENTITY
intricate,ENTITY
function,ENTITY
tumor genesis,ENTITY
progression,ENTITY
prognostic,ENTITY
significance,ENTITY
genes,ENTITY
BC,ENTITY
research,ENTITY
study,ENTITY
association,ENTITY
presence,ENTITY
MMTV,ENTITY
expression patterns,ENTITY
genes,ENTITY
patient prognosis,ENTITY
survival outcomes,ENTITY
BC.</AbstractText><AbstractText,ENTITY
"NlmCategory=""UNASSIGNED""",ENTITY
study,ENTITY
tissue specimens,ENTITY
BC,ENTITY
patients,ENTITY
tissue samples,ENTITY
benign,ENTITY
breast lesions,ENTITY
controls,ENTITY
mRNA expression,ENTITY
genes,ENTITY
p53,ENTITY
BRCA1,ENTITY
BRCA2,ENTITY
TERT,ENTITY
FGFR2,ENTITY
CHD1,ENTITY
quantified,ENTITY
FFPE tissue,ENTITY
quantitative polymerase chain reaction,ENTITY
qPCR,ENTITY
correlation,ENTITY
gene expression,ENTITY
prognostic characteristics,ENTITY
probability,ENTITY
recurrence-free survival,ENTITY
RFS,ENTITY
overall survival,ENTITY
OS,ENTITY
assessed.</AbstractText><AbstractText,ENTITY
"NlmCategory=""UNASSIGNED""",ENTITY
association,ENTITY
MMTV,ENTITY
BC,ENTITY
virus,ENTITY
detected,ENTITY
tissue samples,ENTITY
analyzed,ENTITY
differential expression,ENTITY
genes,ENTITY
BC,ENTITY
noncancerous breast tissue,ENTITY
downregulation,ENTITY
BRCA1,ENTITY
BRCA2,ENTITY
CHD1,ENTITY
TERT,ENTITY
upregulation,ENTITY
p53,ENTITY
unchanged,ENTITY
levels,ENTITY
FGFR2,ENTITY
BC,ENTITY
patients,ENTITY
p53,ENTITY
BRCA1,ENTITY
expression levels,ENTITY
prognostic factors,ENTITY
RFS,ENTITY
months,ENTITY
months,ENTITY
OS,ENTITY
months,ENTITY
months,ENTITY
Kaplan-Meier survival analysis,ENTITY
p53,ENTITY
expression,ENTITY
expression,ENTITY
survival,ENTITY
stable,ENTITY
RFS,ENTITY
OS,ENTITY
survival curves,ENTITY
p53,ENTITY
months,ENTITY
follow-up,ENTITY
period,ENTITY
"NlmCategory=""UNASSIGNED""",ENTITY
comparing,ENTITY
cancer,ENTITY
noncancer,ENTITY
patients,ENTITY
p53,ENTITY
BRCA1,ENTITY
expression levels,ENTITY
prognostic factors,ENTITY
RFS,ENTITY
OS,ENTITY
cohort,ENTITY
p53,ENTITY
expression,ENTITY
survival,ENTITY
gene expression,ENTITY
prognostic value,ENTITY
studies,ENTITY
multiomics,ENTITY
data,ENTITY
evaluating,ENTITY
biomarkers,ENTITY
clinical context,ENTITY
accuracy,ENTITY
prognostic models,ENTITY
personalized,ENTITY
Saad Alamri,ENTITY
International Journal of Breast Cancer,ENTITY
"Ltd.</CopyrightInformation></Abstract><AuthorList CompleteYN=""Y""><Author ValidYN=""Y""><LastName",ENTITY
Saad</ForeName><Initials,ENTITY
S</Initials><AffiliationInfo><Affiliation,ENTITY
King,ENTITY
Riyadh Second Health Cluster,ENTITY
Riyadh,ENTITY
Saudi Arabia,ENTITY
Maaweya</ForeName><Initials,ENTITY
"Source=""ORCID"">0000",ENTITY
King,ENTITY
Riyadh Second Health Cluster,ENTITY
Riyadh,ENTITY
Saudi Arabia,ENTITY
Rahaf A</ForeName><Initials,ENTITY
King,ENTITY
Riyadh Second Health Cluster,ENTITY
Riyadh,ENTITY
Saudi Arabia,ENTITY
Al-Hazzaa</LastName><ForeName,ENTITY
Ghaida</ForeName><Initials,ENTITY
G</Initials><AffiliationInfo><Affiliation,ENTITY
King,ENTITY
Riyadh Second Health Cluster,ENTITY
Riyadh,ENTITY
Saudi Arabia,ENTITY
Zahra</ForeName><Initials,ENTITY
Z</Initials><AffiliationInfo><Affiliation,ENTITY
Pathology,ENTITY
Clinical Laboratory Medicine,ENTITY
King,ENTITY
Riyadh Second Health Cluster,ENTITY
Riyadh,ENTITY
Saudi Arabia,ENTITY
Soha</ForeName><Initials,ENTITY
S</Initials><AffiliationInfo><Affiliation,ENTITY
Anesthesiology,ENTITY
Operating Room Administration,ENTITY
King,ENTITY
Riyadh Second Health Cluster,ENTITY
Riyadh,ENTITY
Saudi Arabia,ENTITY
kfmc.med.sa.</Affiliation></Affiliation,ENTITY
"Info></Author><Author ValidYN=""Y""><LastName>Alqahtani</LastName><ForeName",ENTITY
Nouf</ForeName><Initials,ENTITY
N</Initials><AffiliationInfo><Affiliation,ENTITY
Comprehensive Cancer Center,ENTITY
King,ENTITY
Riyadh Second Health Cluster,ENTITY
Riyadh,ENTITY
Saudi Arabia,ENTITY
Abdel,ENTITY
S</ForeName><Initials>AS</Initials><AffiliationInfo><Affiliation>Department of Biochemistry,ENTITY
Faculty of Science,ENTITY
Ain Shams University,ENTITY
Cairo,ENTITY
Egypt,ENTITY
Mohamed A M</ForeName><Initials,ENTITY
"Source=""ORCID"">0000",ENTITY
Department,ENTITY
College of Science,ENTITY
Imam Mohammad Ibn Saud,ENTITY
Islamic University,ENTITY
IMSIU,ENTITY
Riyadh,ENTITY
Saudi Arabia,ENTITY
Mansour I</ForeName><Initials,ENTITY
Department,ENTITY
Zoology,ENTITY
College of Science,ENTITY
King Saud University,ENTITY
Riyadh,ENTITY
Saudi Arabia,ENTITY
ksu.edu.sa.</Affiliation></AffiliationInfo></Author><Author,ENTITY
Bandar</ForeName><Initials,ENTITY
"Source=""ORCID"">0000",ENTITY
King,ENTITY
Riyadh Second Health Cluster,ENTITY
Riyadh,ENTITY
Saudi Arabia,ENTITY
United States</Country><MedlineTA>Int J Breast Cancer</MedlineTA><NlmUniqueID>101568103</NlmUniqueID><ISSNLinking>2090,ENTITY
3189</ISSNLinking></MedlineJournalInfo><KeywordList,ENTITY
"Owner=""NOTNLM""><Keyword MajorTopicYN=""N"">DNA repair</Keyword><Keyword MajorTopicYN=""N"">",ENTITY
Kaplan&#x2013;Meier survival,ENTITY
breast cancer</Keyword><Keyword,ENTITY
mouse,ENTITY
tumor suppressor genes</Keyword></KeywordList><CoiStatement>,ENTITY
authors,ENTITY
interest.</CoiStatement></MedlineCitation><PubmedData><History><PubMedPubDate,ENTITY
"PubStatus=""received""><Year>2025</Year><Month>9</Month><Day>15</Day></PubMedPubDate><PubMedPubDate PubStatus=""revised""><Year>2026</Year><Month>2</Month><Day>11</Day></PubMedPubDate><PubMedPubDate",ENTITY
"PubStatus=""pubmed""><Year>2026</Year><Month>4</Month><Day>15</Day><Hour>12</Hour><Minute>36</Minute></PubMedPubDate><PubMedPubDate",ENTITY
epublish</PublicationStatus><ArticleIdList><ArticleId,ENTITY
"IdType=""doi"">10.1155/ijbc/3310843</ArticleId><ArticleId IdType=""pii""",ENTITY
Bray F.,ENTITY
Soerjomataram I.,ENTITY
Jemal A.,ENTITY
Global Cancer,ENTITY
GLOBOCAN,ENTITY
Estimates,ENTITY
Incidence,ENTITY
Mortality,ENTITY
Cancers,ENTITY
Countries,ENTITY
CA,ENTITY
Clinicians,ENTITY
"IdType=""doi"">10.3322/caac.21834</ArticleId><ArticleId",ENTITY
Peleg Hasson,ENTITY
Menes,ENTITY
Sonnenblick A.,ENTITY
Comparison,ENTITY
Patient Susceptibility Genes,ENTITY
Breast Cancer,ENTITY
Prognosis,ENTITY
Therapeutic Outcomes,ENTITY
Pharmacogenomics,ENTITY
Personalized Medicine,ENTITY
no.,ENTITY
10.2147/PGPM.S233485,ENTITY
PMC7394592</ArticleId><ArticleId,ENTITY
"IdType=""pubmed"">32801835</ArticleId></ArticleIdList></Reference><Reference><Citation",ENTITY
Young L.,ENTITY
MMTV,ENTITY
Human Breast Cancer,ENTITY
Carcinogenesis,ENTITY
Breast,ENTITY
no.,ENTITY
"IdType=""doi"">10.1016/S0960",ENTITY
8991(00)00013,ENTITY
5</ArticleId></ArticleIdList></Reference><Reference><Citation,ENTITY
Gnanaolivu R.,ENTITY
"Gao C., Lilyquist J.",ENTITY
Samara R.,ENTITY
C. B.,ENTITY
Bandera,ENTITY
Le Marchand L.,ENTITY
P. A.,ENTITY
Scott C.,ENTITY
Vachon C. M.,ENTITY
Weinberg C.,ENTITY
Couch F.,ENTITY
Population-Based Study,ENTITY
Genes,ENTITY
Breast Cancer,ENTITY
New England Journal of Medicine,ENTITY
no.,ENTITY
440&#x2013;451,ENTITY
PMC8127622</ArticleId><ArticleId,ENTITY
"IdType=""pubmed"">33471974</ArticleId></ArticleIdList></Reference><Reference><Citation",ENTITY
Evans,ENTITY
D. G. R.,ENTITY
"Howell A.,",ENTITY
Breast Cancer,ENTITY
Risk Stratification,ENTITY
Women,ENTITY
Screening Age,ENTITY
Incremental Effects,ENTITY
Mammographic Density,ENTITY
Polygenic risk,ENTITY
Gene Panel,ENTITY
Genetics,ENTITY
Medicine,ENTITY
no.,ENTITY
10.1016/j.gim.2022.03.009,ENTITY
"IdType=""doi"">10.1016/j.gim.2022.03.009</ArticleId><ArticleId IdType=""pubmed"">35426792</ArticleId></ArticleIdList></Reference><Reference><Citation>Harbeck N.",ENTITY
Penault-Llorca F.,ENTITY
Gnant,ENTITY
Ruddy,ENTITY
Cardoso F.,ENTITY
Breast Cancer,ENTITY
Nature Reviews Disease,ENTITY
2-s2.0,ENTITY
"IdType=""doi"">10.1038/s41572-019-0111-2</ArticleId><ArticleId",ENTITY
"IdType=""pubmed"">31548545</ArticleId></ArticleIdList></Reference><Reference><Citation",ENTITY
Aparicio S.,ENTITY
Breast Cancer,ENTITY
Cold Spring,ENTITY
Perspectives,ENTITY
Medicine,ENTITY
"IdType=""doi"">10.1101/cshperspect.a041729</ArticleId><ArticleId IdType=""pmc"">",ENTITY
PMC11293531</ArticleId><ArticleId,ENTITY
"IdType=""pubmed"">38692741</ArticleId></ArticleIdList></Reference><Reference><Citation>Goel S.",ENTITY
Chandarlapaty,ENTITY
Therapies,ENTITY
Breast Cancer,ENTITY
Cold Spring,ENTITY
Perspectives,ENTITY
Medicine,ENTITY
a041333,ENTITY
"IdType=""doi"">10.1101/cshperspect.a041333</ArticleId><ArticleId IdType=""pmc"">",ENTITY
"PMC10411864</ArticleId><ArticleId IdType=""pubmed"">36617643</ArticleId></ArticleIdList></Reference><Reference><Citation",ENTITY
Li W.,ENTITY
Huang T.,ENTITY
Zhou J.,ENTITY
Genetic Testing,ENTITY
Enhances the,ENTITY
Precision Diagnosis,ENTITY
Treatment,ENTITY
Breast Cancer,ENTITY
International Journal of Molecular Sciences,ENTITY
no.,ENTITY
PMC10706486</ArticleId><ArticleId,ENTITY
"IdType=""pubmed"">38068930</ArticleId></ArticleIdList></Reference><Reference><Citation",ENTITY
Genetics,ENTITY
Breast Cancer,ENTITY
Research Clinical Obstetrics &amp,ENTITY
Gynaecology,ENTITY
"IdType=""doi"">10.1016/j.bpobgyn.2022.01.007</ArticleId><ArticleId",ENTITY
"IdType=""pubmed"">35272929</ArticleId></ArticleIdList></Reference><Reference><Citation",ENTITY
"Kandoth C., McLellan M. D.",ENTITY
Vandin F.,ENTITY
Lu C.,ENTITY
M. A.,ENTITY
Ding L.,ENTITY
Mutational Landscape,ENTITY
Significance,ENTITY
Cancer Types,ENTITY
Nature,ENTITY
no.,ENTITY
"IdType=""doi"">10.1038/nature12634</ArticleId><ArticleId IdType=""pmc"">",ENTITY
PMC3927368</ArticleId><ArticleId,ENTITY
"IdType=""pubmed"">24132290</ArticleId></ArticleIdList></Reference><Reference><Citation",ENTITY
O. I.,ENTITY
Breast Cancer,ENTITY
Risk,ENTITY
Associated With,ENTITY
BRCA1,ENTITY
BRCA2,ENTITY
Diverse,ENTITY
Populations,ENTITY
Nature Reviews Cancer,ENTITY
no.,ENTITY
2-s2.0,ENTITY
"IdType=""doi"">10.1038/nrc2054</ArticleId><ArticleId IdType=""pubmed"">18034184</ArticleId></ArticleIdList></Reference><Reference><Citation>Wang",ENTITY
Liu X.,ENTITY
Zhang,ENTITY
Li J.,ENTITY
Telomerase Reverse Transcriptase,ENTITY
Cancer,ENTITY
Frontiers,ENTITY
Oncology,ENTITY
D. F.,ENTITY
Thompson D.,ENTITY
Ponder B. A. J.,ENTITY
Genome-Wide Association Study,ENTITY
Breast Cancer,ENTITY
Nature,ENTITY
no.,ENTITY
2-s2.0,ENTITY
PMC2714974</ArticleId><ArticleId,ENTITY
"IdType=""pubmed"">17529967</ArticleId></ArticleIdList></Reference><Reference><Citation",ENTITY
Zhang,ENTITY
Lee A.,ENTITY
Tang Z.,ENTITY
Tindall D. J.,ENTITY
MN1,ENTITY
Overexpression,ENTITY
Loss of Dnmt3b,ENTITY
Methylation Activity,ENTITY
INV(16,ENTITY
Pediatric AML,ENTITY
Oncogene,ENTITY
2-s2.0,ENTITY
85040191774.</Citation><ArticleIdList><ArticleId,ENTITY
"IdType=""doi"">10.1038/onc.2017.293</ArticleId><ArticleId IdType=""pubmed"">28892045</ArticleId></ArticleIdList></Reference><Reference><Citation",ENTITY
Mazouni,ENTITY
Fritel A.,ENTITY
M. L.,ENTITY
Surowiak A.,ENTITY
Sastre-Garau R.,ENTITY
MMTV-Like Virus Sequences,ENTITY
Breast Cancer,ENTITY
Tissues,ENTITY
French Population,ENTITY
British Journal of Cancer,ENTITY
no.,ENTITY
2-s2.0,ENTITY
"IdType=""doi"">10.1038/bjc.2011.121</ArticleId></ArticleIdList></Reference><Reference><Citation",ENTITY
Spearing R. L.,ENTITY
Mouse,ENTITY
Breast Cancer,ENTITY
Australian,ENTITY
Women,ENTITY
e0134652,ENTITY
2-s2.0,ENTITY
84941975663.</Citation><ArticleIdList><ArticleId,ENTITY
PMC4520470</ArticleId><ArticleId,ENTITY
"IdType=""pubmed"">26225559</ArticleId></ArticleIdList></Reference><Reference><Citation",ENTITY
Shameer,ENTITY
Perera,ENTITY
Heng J.,ENTITY
Radiotherapy,ENTITY
Oligometastatic Lung Cancer,ENTITY
Frontiers,ENTITY
Oncology,ENTITY
10.3389/fonc.2017.00210,ENTITY
2-s2.0,ENTITY
"IdType=""doi"">10.3389/fonc.2017.00210</ArticleId><ArticleId IdType=""pmc"">",ENTITY
PMC5610690</ArticleId><ArticleId,ENTITY
"IdType=""pubmed"">28975081</ArticleId></ArticleIdList></Reference><Reference><Citation",ENTITY
Salmons,ENTITY
Heng,ENTITY
Moody P.,ENTITY
Lutze-Mann L.,ENTITY
Whitaker N. J.,ENTITY
Mouse Mammary Tumor Virus-Like Sequences,ENTITY
Human Breast Cancer,ENTITY
Review,ENTITY
Epidemiological,ENTITY
Molecular Evidence,ENTITY
Breast Cancer,ENTITY
Research,ENTITY
Treatment,ENTITY
no.,ENTITY
"IdType=""pubmed"">20388779</ArticleId></ArticleIdList></Reference><Reference><Citation",ENTITY
Alkharsah,ENTITY
Alkhathami A. G.,ENTITY
Al-Shehri,ENTITY
"M.,",ENTITY
Prevalence,ENTITY
Mouse Mammary Tumor Virus,ENTITY
Sequences,ENTITY
human,ENTITY
Breast Cancer,ENTITY
Tissues,ENTITY
adjacent,ENTITY
breast tissues,ENTITY
Saudi Arabia,ENTITY
BMC Cancer,ENTITY
2-s2.0,ENTITY
"IdType=""doi"">10.1186/s12885",ENTITY
PMC5810194</ArticleId><ArticleId,ENTITY
"IdType=""pubmed"">29426297</ArticleId></ArticleIdList></Reference><Reference><Citation",ENTITY
B&#xf8;rresen-Dale,ENTITY
A.-L.,ENTITY
TP53,ENTITY
Mutations,ENTITY
Breast,ENTITY
Ovarian Cancer,ENTITY
Cold Spring,ENTITY
Perspectives,ENTITY
Medicine,ENTITY
a026252,ENTITY
2-s2.0,ENTITY
PMC5204332</ArticleId><ArticleId,ENTITY
"IdType=""pubmed"">27815305</ArticleId></ArticleIdList></Reference><Reference><Citation",ENTITY
Cdc25A phosphatase,ENTITY
combinatorial,ENTITY
phosphorylation,ENTITY
ubiquitylation,ENTITY
proteolysis,ENTITY
Oncogene,ENTITY
no.,ENTITY
2-s2.0,ENTITY
"IdType=""doi"">10.1038/sj.onc.1207394</ArticleId><ArticleId",ENTITY
"IdType=""pubmed"">15021892</ArticleId></ArticleIdList></Reference><Reference><Citation",ENTITY
Telomeres,ENTITY
Telomerase,ENTITY
Cancer,ENTITY
Seminars,ENTITY
Cancer Biology,ENTITY
no.,ENTITY
"IdType=""doi"">10.1016/j.semcancer.2011.10.001</ArticleId><ArticleId IdType=""pmc"">",ENTITY
PMC3370415</ArticleId><ArticleId,ENTITY
"IdType=""pubmed"">22015685</ArticleId></ArticleIdList></Reference><Reference><Citation>Campbell J. D., Alexandrov A.",ENTITY
Brooks A. N.,ENTITY
Murray B. A.,ENTITY
"R., Rosenberg M., Cibulskis C., Ramachandran A., Collisson E. A.",ENTITY
Verhaak,ENTITY
R. G.,ENTITY
Hammerman P. S.,ENTITY
nome,ENTITY
Atlas,ENTITY
M. N.,ENTITY
Govindan R.,ENTITY
Meyerson,ENTITY
Patterns,ENTITY
Somatic,ENTITY
Lung Adenocarcinomas,ENTITY
Squamous Cell Carcinomas,ENTITY
Nature,ENTITY
Genetics,ENTITY
no.,ENTITY
2-s2.0,ENTITY
"27158780.</Citation><ArticleIdList><ArticleId IdType=""doi"">10.1038/ng.3564</ArticleId><ArticleId IdType=""pmc"">",ENTITY
PMC4884143</ArticleId><ArticleId,ENTITY
"IdType=""pubmed"">27158780</ArticleId></ArticleIdList></Reference><Reference><Citation>",ENTITY
Zhou,ENTITY
Zhou,ENTITY
Zhang P.-L.,ENTITY
Liu X.-A.,ENTITY
Yang T.,ENTITY
musculoskeletal disorders,ENTITY
zoledronic acid,ENTITY
adjuvant Breast Cancer,ENTITY
treatment,ENTITY
Meta-Analysis,ENTITY
Journal of Experimental &amp,ENTITY
Clinical Cancer,ENTITY
2-s2.0,ENTITY
"IdType=""doi"">10.1186/1756",ENTITY
PMC3159097</ArticleId><ArticleId,ENTITY
"IdType=""pubmed"">21816036</ArticleId></ArticleIdList></Reference><Reference><Citation",ENTITY
Carrieri P.,ENTITY
"Rodriguez C., Lidereau R.",ENTITY
B&#xf8;rresen-Dale,ENTITY
A.-L.,ENTITY
Clinical Value,ENTITY
Somatic,ENTITY
TP53,ENTITY
Gene Mutations,ENTITY
Patients,ENTITY
Breast Cancer,ENTITY
Clinical Cancer,ENTITY
no.,ENTITY
"IdType=""doi"">10.1158/1078",ENTITY
"IdType=""pubmed"">16489069</ArticleId></ArticleIdList></Reference><Reference><Citation",ENTITY
Nabil R.,ENTITY
Elshazly,ENTITY
S. S.,ENTITY
Nooh H. A.,ENTITY
Expression,ENTITY
Level,ENTITY
ARF,ENTITY
p53,ENTITY
AML,ENTITY
Patients,ENTITY
Outcome,ENTITY
Egyptian,ENTITY
Abu-Asab,ENTITY
Cai L.,ENTITY
Study,ENTITY
Clinical Survival,ENTITY
Gene Expression,ENTITY
Sample,ENTITY
Pancreatic Ductal Adenocarcinoma,ENTITY
Parsimony,ENTITY
Phylogenetic Analysis,ENTITY
OMICS,ENTITY
Journal of Integrative Biology,ENTITY
no.,ENTITY
442&#x2013;447,ENTITY
2-s2.0,ENTITY
"IdType=""doi"">10.1089/omi.2016.0059</ArticleId><ArticleId IdType=""pmc"">PMC4968342</ArticleId><ArticleId IdType=""pubmed"">27428255</ArticleId></ArticleIdList></Reference><Reference><Citation>",ENTITY
Huang,ENTITY
Lan L.,ENTITY
Liu,ENTITY
Elevated,ENTITY
Expression Levels,ENTITY
Correlate,ENTITY
Tumor Progression,ENTITY
Poor Prognosis,ENTITY
Patients,ENTITY
Esophageal Squamous Cell Carcinoma,ENTITY
Oncology Letters,ENTITY
no.,ENTITY
2-s2.0,ENTITY
"IdType=""doi"">10.3892/ol.2014.2343</ArticleId><ArticleId IdType=""pmc"">",ENTITY
PMC4156227</ArticleId><ArticleId,ENTITY
"IdType=""pubmed"">25202347</ArticleId></ArticleIdList></Reference><Reference><Citation",ENTITY
Hoor K. A.,ENTITY
Brown R.,ENTITY
van der Zee A. G.,ENTITY
Factors,ENTITY
p53,ENTITY
Expression,ENTITY
Ovarian Cancer,ENTITY
Biomarker,ENTITY
Clinical Outcome,ENTITY
Multicentre Studies,ENTITY
British Journal of Cancer,ENTITY
no.,ENTITY
2-s2.0,ENTITY
"IdType=""doi"">10.1038/sj.bjc.6603300</ArticleId><ArticleId IdType=""pmc"">",ENTITY
PMC2360689</ArticleId><ArticleId,ENTITY
"IdType=""pubmed"">16880779</ArticleId></ArticleIdList></Reference></ReferenceList></PubmedData></PubmedArticle><PubmedArticle><MedlineCitation",ENTITY
"Owner=""NLM""><PMID",ENTITY
"CitedMedium=""Internet""><PubDate><Year>2026</Year><Month",ENTITY
Scientific,ENTITY
Germline,ENTITY
pathogenic,ENTITY
spectrum,ENTITY
prevalence,ENTITY
colorectal cancer,ENTITY
patients,ENTITY
multigene panel testing,ENTITY
"Kazakhstan.</ArticleTitle><ELocationID EIdType=""doi",ENTITY
"ValidYN=""Y"">10.1038/s41598",ENTITY
Colorectal cancer,ENTITY
CRC,ENTITY
malignancy,ENTITY
hereditary component,ENTITY
Kazakhstan,ENTITY
spectrum,ENTITY
germline pathogenic variants,ENTITY
PV,ENTITY
individuals,ENTITY
CRC,ENTITY
study,ENTITY
multigene panel testing,ENTITY
Kazakhstani cohort,ENTITY
CRC,ENTITY
patients,ENTITY
relatives,ENTITY
genetic risk factors,ENTITY
study,ENTITY
CRC,ENTITY
patients,ENTITY
healthy relatives,ENTITY
Whole coding regions,ENTITY
exons,ENTITY
noncoding sequences,ENTITY
cancer-associated genes,ENTITY
analyzed,ENTITY
Illumi,ENTITY
TruSight Cancer,ENTITY
NGS panel,ENTITY
blood-derived DNA,ENTITY
patients,ENTITY
PVs,ENTITY
patients,ENTITY
family history of cancer,ENTITY
family history,ENTITY
CRC,ENTITY
germline,ENTITY
PVs,ENTITY
CHEK2,ENTITY
APC,ENTITY
MLH1,ENTITY
MSH2,ENTITY
MSH6,ENTITY
MUTYH,ENTITY
BRCA1,ENTITY
Missense,ENTITY
frameshift,ENTITY
variants,ENTITY
predominated,ENTITY
PVs,ENTITY
individuals,ENTITY
aged,ENTITY
years,ENTITY
identified,ENTITY
PVs,ENTITY
APC,ENTITY
APC c.419_422delAGAG,ENTITY
PMS1,ENTITY
c.1258delC,ENTITY
MLH1,ENTITY
NBN,ENTITY
c.877delA,ENTITY
EPCAM,ENTITY
c.184&#x2009;+&#x2009;1G&#x2009;&gt;&#x2009;A.,ENTITY
prevalence,ENTITY
clinically,ENTITY
PVs,ENTITY
patients,ENTITY
relatives,ENTITY
clinical value,ENTITY
multigene panel testing,ENTITY
cascade screening,ENTITY
Kazakhstan.</AbstractText><CopyrightInformation>&#xa9,ENTITY
"CompleteYN=""Y""><Author",ENTITY
Nurlan</ForeName><Initials,ENTITY
N</Initials><AffiliationInfo><Affiliation,ENTITY
Almaty Oncology Center,ENTITY
Abdikerim</LastName><ForeName,ENTITY
Saltanat</ForeName><Initials,ENTITY
S</Initials><AffiliationInfo><Affiliation,ENTITY
Laboratory,ENTITY
Molecular Genetics,ENTITY
Institute of Genetics,ENTITY
Physiology,ENTITY
Molecular Biology,ENTITY
Genetics,ENTITY
Al-Farabi,ENTITY
Kazakh National University,ENTITY
Georgiy</ForeName><Initials,ENTITY
G</Initials><AffiliationInfo><Affiliation,ENTITY
Asfendiyarov,ENTITY
Rasulov</LastName><ForeName,ENTITY
Arsen</ForeName><Initials,ENTITY
A</Initials><AffiliationInfo><Affiliation,ENTITY
Department,ENTITY
Oncological,ENTITY
Coloproctology,ENTITY
Lapino Cancer Center,ENTITY
MD,ENTITY
Group,ENTITY
Moscow,ENTITY
"Russian Federation.</Affiliation></AffiliationInfo></Author><Author ValidYN=""Y""><LastName>",ENTITY
Zhunussova</LastName><ForeName,ENTITY
A</Initials><AffiliationInfo><Affiliation,ENTITY
Laboratory,ENTITY
Molecular Genetics,ENTITY
Institute of Genetics,ENTITY
Physiology,ENTITY
Dilyara</ForeName><Initials,ENTITY
D</Initials><AffiliationInfo><Affiliation,ENTITY
Oncology Department,ENTITY
Asfendiyarov,ENTITY
Zhunussova</LastName><ForeName,ENTITY
Gulnur</ForeName><Initials,ENTITY
G</Initials><AffiliationInfo><Affiliation,ENTITY
Laboratory,ENTITY
Molecular Genetics,ENTITY
Institute of Genetics,ENTITY
Physiology,ENTITY
Kazakhstan,ENTITY
"CompleteYN=""Y""><Grant><GrantID>BR24992933</GrantID><Agency>Science Committee",ENTITY
Ministry of Science,ENTITY
Republic,ENTITY
"Kazakhstan</Agency><Country/></Grant></GrantList><PublicationTypeList><PublicationType UI=""D016428"">Journal Article</PublicationType></PublicationTypeList><ArticleDate DateType=""Electronic""><Year>2026</Year><Month>04</Month><Day>14</Day></ArticleDate></Article><MedlineJournalInfo><Country>England</Country><MedlineTA>Sci Rep</MedlineTA><NlmUniqueID>101563288</NlmUniqueID><ISSNLinking>2045-2322</ISSNLinking></MedlineJournalInfo><CitationSubset>IM</CitationSubset><KeywordList Owner=""NOTNLM""><Keyword MajorTopicYN=""N"">Colorectal cancer</Keyword><Keyword MajorTopicYN=""N"">",ENTITY
"Family history of cancer</Keyword><Keyword MajorTopicYN=""N"">",ENTITY
"Hereditary tumor syndrome</Keyword><Keyword MajorTopicYN=""N""",ENTITY
Next-generation,ENTITY
Pathogenic,ENTITY
"variant</Keyword><Keyword MajorTopicYN=""N"">Prevalence</Keyword></KeywordList><CoiStatement>",ENTITY
interests,ENTITY
authors,ENTITY
interests,ENTITY
Ethical approval,ENTITY
study protocol,ENTITY
Local Ethics Committee of,ENTITY
Kazakh Research Institute of Oncology and Radiology,ENTITY
Declaration,ENTITY
Written,ENTITY
participants,ENTITY
parents/legal guardians,ENTITY
case,ENTITY
minors.</CoiStatement></MedlineCitation><PubmedData><History><PubMedPubDate,ENTITY
"PubStatus=""received""><Year>2026</Year><Month>2</Month><Day>17</Day></PubMedPubDate><PubMedPubDate",ENTITY
"PubStatus=""accepted""><Year>2026</Year><Month>4</Month><Day>6</Day></PubMedPubDate><PubMedPubDate",ENTITY
"PubStatus=""medline""><Year>2026</Year><Month>4</Month><Day>15</Day><Hour>0</Hour><Minute>33</Minute></PubMedPubDate><PubMedPubDate",ENTITY
"PubStatus=""pu",ENTITY
"bmed""><Year>2026</Year><Month>4</Month><Day>15</Day><Hour>0</Hour><Minute>33</Minute></PubMedPubDate><PubMedPubDate PubStatus=""entrez""><Year>2026</Year><Month>4</Month><Day>14</Day><Hour>23</Hour><Minute>20</Minute></PubMedPubDate></History><PublicationStatus",ENTITY
"IdType=""pii"">10.1038/s41598",ENTITY
Kaidarova,ENTITY
Indicators,ENTITY
Oncology Service,ENTITY
Republic,ENTITY
Kazakhstan,ENTITY
Statistical,ENTITY
Analytical Materials,ENTITY
Kaidarova,ENTITY
KIOR,ENTITY
JSC,ENTITY
Keller,ENTITY
Tavtigian,ENTITY
C. &amp,ENTITY
Holowatyj,ENTITY
A. N. Clinical multigene,ENTITY
panel testing,ENTITY
racial,ENTITY
ethnic differences,ENTITY
germline pathogenic,ENTITY
variants,ENTITY
patients,ENTITY
early-onset,ENTITY
colorectal cancer,ENTITY
Oncol,ENTITY
4279&#x2013;4289,ENTITY
(2023).</Citation></Reference><Reference><Citation,ENTITY
Zhunussova,ENTITY
Mutation spectrum,ENTITY
cancer-associated genes,ENTITY
patients,ENTITY
early onset,ENTITY
colorectal cancer,ENTITY
Front,ENTITY
https://doi.org/10.3389/fonc.2019.00673 (2019).</Citation></Reference><Reference><Citation>Pearlman,ENTITY
Prevalence,ENTITY
spectrum,ENTITY
germline cancer,ENTITY
susceptibility,ENTITY
gene mutations,ENTITY
patients,ENTITY
early-onset,ENTITY
colorectal cancer,ENTITY
JAMA,ENTITY
Oncol,ENTITY
464&#x2013;471,ENTITY
(2017).</Citation></Reference><Reference><Citation,ENTITY
Jasperson,ENTITY
Tuohy,ENTITY
Neklason,ENTITY
R. W. Hereditary,ENTITY
familial colon cancer,ENTITY
Gastroenterology,ENTITY
"https://doi.org/10.1053/j.gastro.2010.01.054 (2010).</Citation></Reference><Reference><Citation>Hatton, J. N. et al. Spectrum",ENTITY
risk,ENTITY
gastrointestinal tumors,ENTITY
Li-Fraumeni syndrome,ENTITY
Gastroenterol,ENTITY
hepatology,ENTITY
official,ENTITY
Clin,ENTITY
Gastroenterological Association,ENTITY
Comprehensive,ENTITY
genetic,ENTITY
epigenetic,ENTITY
characterization,ENTITY
Lynch-like syndrome,ENTITY
patients,ENTITY
https://doi.org/10.1002/ijc.35451 (2025).</Citation></Reference><Reference><Citation>Poliani,ENTITY
Canonical,ENTITY
uncanonical,ENTITY
pathogenic,ENTITY
germline variants,ENTITY
colorectal cancer,ENTITY
patients,ENTITY
next-generation sequencing,ENTITY
European referral center,ENTITY
ESMO,ENTITY
tumour molecular,ENTITY
pathology,ENTITY
colorectal cancer,ENTITY
first-degree relatives,ENTITY
(2015).</Citation></Reference><Reference><Citation,ENTITY
Djursby,ENTITY
pathogenic,ENTITY
germline variants,ENTITY
familial,ENTITY
colorectal cancer,ENTITY
patients,ENTITY
Front,ENTITY
Genet,ENTITY
https://doi.org/10.3389/fgene.2020.566266 (2020).</Citation></Reference><Reference><Citation,ENTITY
Ficarino,ENTITY
Deficiencies,ENTITY
germline,ENTITY
genetic testing,ENTITY
young-onset,ENTITY
colorectal cancer,ENTITY
patients,ENTITY
126&#x2013;130,ENTITY
https://doi.org/10.1016/j.amjsurg.2024.01.022 (2024).</Citation></Reference><Reference><Citation>Currais,ENTITY
P.,ENTITY
Rosa,ENTITY
Claro,ENTITY
Colorectal cancer,ENTITY
carcinogenesis,ENTITY
bench,ENTITY
bedside,ENTITY
World J. Gastrointest,ENTITY
Oncol,ENTITY
(2022).</Citation></Reference><Reference><Citation,ENTITY
Leedom,ENTITY
Breast cancer,ENTITY
CHEK2,ENTITY
carriers,ENTITY
Genet,ENTITY
L.,ENTITY
Vilar,ENTITY
E.,ENTITY
Tavtigian,ENTITY
Stoffel,ENTITY
colorectal cancer,ENTITY
Syndromes,ENTITY
genes,ENTITY
classification,ENTITY
genetic variants,ENTITY
precision medicine,ENTITY
Initiative,ENTITY
Early-Onset Colorectal Cancer,ENTITY
DIRECt,ENTITY
International Management Guidelines,ENTITY
Gastroenterol,ENTITY
Hepatol,ENTITY
DeRycke,ENTITY
M. S. et al.,ENTITY
Targeted sequencing,ENTITY
colorectal cancer,ENTITY
susceptibility genes,ENTITY
Genet,ENTITY
Genomic Med,ENTITY
553&#x2013;569,ENTITY
https://doi.org/10.1002/mgg3.317,ENTITY
Prevalence,ENTITY
spectrum,ENTITY
germline cancer,ENTITY
susceptibility,ENTITY
gene variants,ENTITY
somatic,ENTITY
colorectal cancer,ENTITY
(2021).</Citation></Reference><Reference><Citation,ENTITY
Mauri,ENTITY
Germline genomic profiling,ENTITY
patients,ENTITY
early-onset,ENTITY
colorectal cancer,ENTITY
ESMO,ENTITY
Kaufman,ENTITY
Haplotypes,ENTITY
I157T,ENTITY
CHEK2,ENTITY
germline mutation,ENTITY
populations,ENTITY
Bychkovsky,ENTITY
cancer,ENTITY
phenotypes,ENTITY
frequent,ENTITY
CHEK2,ENTITY
variants,ENTITY
clinical care-checking CHEK2,ENTITY
JAMA,ENTITY
https://doi.org/10.1001/jamaoncol.2022.4071,ENTITY
F. F.,ENTITY
C. L. &amp,ENTITY
Liu,ENTITY
effect,ENTITY
CHEK2,ENTITY
variant,ENTITY
I157T,ENTITY
cancer susceptibility,ENTITY
Evidence,ENTITY
meta-analysis,ENTITY
DNA Cell,ENTITY
(2013).</Citation></Reference><Reference><Citation,ENTITY
CHEK2,ENTITY
mutation,ENTITY
risk,ENTITY
prostate cancer,ENTITY
systematic review,ENTITY
meta-analysis,ENTITY
(2015).</Citation></Reference><Reference><Citation,ENTITY
Kaczmarek-Rys&#xb4,ENTITY
T&#x2009;&gt;&#x2009;C,ENTITY
CHEK2,ENTITY
missense variant,ENTITY
increases,ENTITY
risk,ENTITY
thyroid carcinoma,ENTITY
Great Poland population,ENTITY
Hered Cancer,ENTITY
CHEK2p,ENTITY
I157T mutation,ENTITY
associated with,ENTITY
increased,ENTITY
risk,ENTITY
adult-type ovarian granulosa cell,ENTITY
Cancers (Basel),ENTITY
A.,ENTITY
Bidet,ENTITY
Uhrhammer,ENTITY
Bignon,ENTITY
hereditary breast cancer,ENTITY
families,ENTITY
Breast Cancer,ENTITY
R119,ENTITY
https://doi.org/10.1186/bcr3062,ENTITY
prevalence,ENTITY
germline pathogenic,ENTITY
variants,ENTITY
Estonian,ENTITY
colorectal cancer,ENTITY
patients,ENTITY
Results,ENTITY
clinical setting,ENTITY
Front,ENTITY
Genet,ENTITY
https://doi.org/10.3389/fgene.2022.1020543 (2022).</Citation></Reference><Reference><Citation>Mangold,ENTITY
Spectrum,ENTITY
frequencies,ENTITY
mutations,ENTITY
MSH2,ENTITY
MLH1,ENTITY
identified,ENTITY
German families,ENTITY
hereditary nonpolyposis,ENTITY
colorectal cancer,ENTITY
Iordache,ENTITY
Identification,ENTITY
Lynch syndrome,ENTITY
risk,ENTITY
variants,ENTITY
Romanian population,ENTITY
https://doi.org/10.1111/jcmm.13881 (2018).</Citation></Reference><Reference><Citation>Park,ENTITY
Chang,ENTITY
Germline,ENTITY
variants,ENTITY
MLH1,ENTITY
MSH2,ENTITY
MSH6,ENTITY
Korean,ENTITY
patients,ENTITY
Lynch Syndrome,ENTITY
(2018).</Citation></Reference><Reference><Citation>Maccaroni,ENTITY
Prognostic impact,ENTITY
mismatch repair genes,ENTITY
germline defects,ENTITY
colorectal cancer,ENTITY
patients,ENTITY
mutations,ENTITY
Oncotarget,ENTITY
https://doi.org/10.18632/oncotarget.5395 (2015).</Citation></Reference><Reference><Citation,ENTITY
Shirts,ENTITY
somatic mutations,ENTITY
tumors,ENTITY
variants,ENTITY
mismatch repair genes,ENTITY
Genet,ENTITY
https://doi.org/10.1016/j.ajhg.2018.05.001 (2018).</Citation></Reference><Reference><Citation>Morris,ENTITY
Hughes,ENTITY
E.,ENTITY
Rosenthal,ENTITY
E.,ENTITY
Gutin,ENTITY
A. &amp,ENTITY
Bowles,ENTITY
genetic variants,ENTITY
genes,ENTITY
associated with,ENTITY
Lynch syndrome,ENTITY
clinical history,ENTITY
BMC,ENTITY
Genet,ENTITY
(2016).</Citation></Reference><Reference><Citation,ENTITY
Thompson,ENTITY
standardized,ENTITY
classification,ENTITY
mismatch repair,ENTITY
gene variants,ENTITY
InSiGHT locus-specific database,ENTITY
Genet,ENTITY
https://doi.org/10.1038/ng.2854 (2014).</Citation></Reference><Reference><Citation>Rebuzzi,ENTITY
F.,ENTITY
Ulivi,ENTITY
Tedaldi,ENTITY
G. Genetic predisposition,ENTITY
colorectal cancer,ENTITY
genes,ENTITY
test,ENTITY
Founder mutation,ENTITY
familial adenomatous polyposis,ENTITY
FAP,ENTITY
Balearic Islands,ENTITY
Genet,ENTITY
Cytogenet,ENTITY
https://doi.org/10.1016/j.cancergencyto.2004.07.003,ENTITY
APC,ENTITY
germline mutations,ENTITY
Chinese,ENTITY
patients,ENTITY
familial adenomatous polyposis,ENTITY
https://doi.org/10.1016/j.gene.2015.11.034 (2016).</Citation></Reference><Reference><Citation,ENTITY
genomic deletions,ENTITY
genotype,ENTITY
phenotype,ENTITY
update,ENTITY
families,ENTITY
juvenile polyposis syndrome,ENTITY
Genet,ENTITY
https://doi.or,ENTITY
g/10.1136/jmg.2007.052506,ENTITY
(2007).</Citation></Reference><Reference><Citation,ENTITY
Macrae,ENTITY
F. SMAD4,ENTITY
variants,ENTITY
genotype-phenotype correlations,ENTITY
juvenile polyposis syndrome,ENTITY
(2023).</Citation></Reference><Reference><Citation,ENTITY
SMAD4,ENTITY
mosaicism,ENTITY
juvenile polyposis,ENTITY
Essential contribution,ENTITY
somatic analysis,ENTITY
diagnosis,ENTITY
Genet,ENTITY
e63648,ENTITY
https://doi.org/10.1002/ajmg.a.63648,ENTITY
Functional analysis,ENTITY
MUTYH,ENTITY
mutated proteins,ENTITY
associated with,ENTITY
familial adenomatous polyposis,ENTITY
DNA Repair,ENTITY
https://doi.org/10.1016/j.dnarep.2010.03.008,ENTITY
(2010).</Citation></Reference><Reference><Citation,ENTITY
Komine,ENTITY
Functional complementation assay,ENTITY
MUTYH,ENTITY
variants,ENTITY
MutY-disrupted,ENTITY
escherichia coli,ENTITY
strain,ENTITY
Mutat,ENTITY
https://doi.org/10.1002/humu.22794 (2015).</Citation></Reference><Reference><Citation>Park,ENTITY
Carrier frequency,ENTITY
incidence,ENTITY
MUTYH-associated polyposis,ENTITY
database,ENTITY
analysis,ENTITY
East Asians,ENTITY
Koreans,ENTITY
https://doi.org/10.3343/alm.2024.0242 (2025).</Citation></Reference><Reference><Citation,ENTITY
Genuardi,ENTITY
M. &amp,ENTITY
F. J. Clinical utility,ENTITY
gene card,ENTITY
MUTYH-associated polyposis,ENTITY
MAP,ENTITY
autosomal recessive,ENTITY
colorectal adenomatous polyposis,ENTITY
colorectal adenomas,ENTITY
multiple adenomatous polyps,ENTITY
MAP,ENTITY
Update,ENTITY
Genet,ENTITY
(2013).</Citation></Reference><Reference><Citation,ENTITY
Hemker,ENTITY
S. L.,ENTITY
Saturation mapping,ENTITY
MUTYH,ENTITY
variant,ENTITY
effects,ENTITY
DNA repair reporters,ENTITY
Analysis,ENTITY
MUTYH,ENTITY
genotypes,ENTITY
colorectal phenotypes,ENTITY
patients,ENTITY
MUTYH-associated polyposis,ENTITY
Gastroenterology,ENTITY
https://doi.org/10.1053/j.gastro.2008.10.056,ENTITY
High prevalence,ENTITY
MUTYH,ENTITY
polyposis,ENTITY
minority populations,ENTITY
Israel,ENTITY
founder,ENTITY
pathogenic variants,ENTITY
Dig,ENTITY
Kairov,ENTITY
Whole-genome sequencing,ENTITY
genomic variant analysis,ENTITY
Kazakh,ENTITY
individuals,ENTITY
Front,ENTITY
Genet,ENTITY
Standards,ENTITY
guidelines,ENTITY
interpretation,ENTITY
sequence variants,ENTITY
joint,ENTITY
consensus,ENTITY
American College of Medical Genetics,ENTITY
Genomics,ENTITY
Association,ENTITY
Molecular Pathology,ENTITY
Genet,ENTITY
